Date,Title,Upvote,Upvote Ratio
2021-01-27 14:02:43,FB earnings beat,52,0.86
2020-11-07 18:06:43,"I have AMZN, FB, and MSFT - I want to drop one and consolidate my positions into two. Which would you choose?",167,0.8
2020-08-28 08:17:31,"With MSFT, AAPL AMZN, GOOGL and FB making up more than 1/5 of the S&P500, what are practical ways to de-risk your portfolio from this imbalance?",1759,0.96
2020-09-22 08:23:35,"Video explaining the huge growth of large cap growth stocks (AAPL, AMZN, MSFT, TSLA, FB, GOOGL)",965,0.91
2020-12-23 08:12:01,Does anyone have any promising VR companies? Looking for small to mid size market caps. Not FB Alphabet or big names.,10,0.73
2021-02-04 05:39:29,10 interesting and useful ETFs with less than $1b AUM,4085,0.98
2020-10-07 16:29:41,"Anti trust probe against AMZN, APPL, GOOG, FB",14,0.72
2021-01-24 05:09:56,I created an algo that tracks the most hyped stocks on Reddit. Here are the results for this week,4250,0.98
2020-06-30 08:27:56,"Morgan Stanley says ad boycott is a buy opportunity for $FB, but less bullish on $TWTR",71,0.85
2020-08-20 20:30:54,FB is undervalued among FANGAM companies. Thoughts?,9,0.63
2020-07-30 18:51:32,"Who Is Buying AMZN, FB, or AAPL Tomorrow?",14,0.66
2021-03-08 22:45:55,Stocks to keep an eye on during this market dip,31,0.89
2020-10-06 08:18:38,"$AMZN, $GOOGL, $FB - RBC data suggests Amazon biggest gainer of ad share",20,0.78
2020-05-02 18:33:03,"How will GOOG, AMZN, MSFT, AAPL and FB ever lose value?",38,0.71
2021-02-08 05:41:48,"Tired of hearing about all these meme stocks? I handpicked the most popular posts, tickers, and DD from the last week. Here are the results!",387,0.95
2020-04-13 09:27:46,"COVID-19 making $FB, $GOOGL, $AAPL and $AMZN look better in Washington",191,0.88
2021-01-31 09:48:29,"Is Facebook's moat widening or shrinking? My unorganized thoughts, do you see any flaws?",92,0.89
2020-06-02 10:28:15,"$FB, $GOOGL - Digital advertising trends still continue to improve:",60,0.82
2020-09-29 07:20:50,"$GOOGL, $FB, $SNAP - Barclays and Jefferies see continued digital ad recovery",3,0.6
2020-05-22 09:35:40,$FB - well-timed launch of Facebook Shops set to drive ad revenue from SMBs,32,0.83
2020-04-21 11:00:11,"$FB, $GOOGL: Latest data suggests digital ads bottomed in mid-Mar, improving in Apr",107,0.91
2020-12-16 12:31:24,Facebook vs. Apple,4,0.75
2020-06-27 17:23:07,Pull out of fb?,0,0.48
2021-02-23 09:19:47,"Vy Global Growth, VYGG - Reddit Merger",30,0.73
2021-01-07 15:37:36,My 2021 Portfolio,167,0.92
2020-07-30 10:33:10,$FB - analysts don't seem overly concerned about ad boycott into Q2 print this afternoon,0,0.5
2021-02-23 05:48:35,"A ""Stocks for Inflation"" ETF and value factor discussion",20,0.86
2020-12-31 01:56:46,What is your long-term view of MSFT?,64,0.8
2021-01-12 21:59:19,Visa abandons takeover of Plaid after DOJ raises antitrust concerns,149,0.97
2021-01-23 13:11:35,The FAAMNG'S are back!,32,0.79
2020-03-25 09:39:43,"$FB estimates finally coming down, 1H weakness a potential buying opportunity",24,0.75
2021-01-12 08:48:51,"Fake meat, veganism ETFs?",21,0.73
2020-01-29 13:16:31,"FB, MSFT earnings",49,0.86
2020-07-02 09:39:44,$FB - Goldman says partner checks indicate ad boycott has limited impact...for now,1,0.55
2020-05-20 14:37:21,FB stock - any more room left to climb?,0,0.43
2020-07-07 09:37:10,$FB - Goldman report indicates mixed metrics for May,1,0.67
2020-07-13 09:27:33,"$FB, $GOOG, $SNAP, $TWTR, $TTD - Jefferies says digital ad demand recovering faster than expected",5,0.73
2021-02-02 08:13:25,Vy Global Growth (VYGG) - Reddit Merger,7,0.69
2020-04-11 10:59:22,What is .BA? Like TSLA.BA? Or FB.BA?,13,0.77
2021-02-03 23:05:15,Face Book Stock Price Target-$400 End of 2021,3,0.57
2020-12-21 04:10:51,Comparing YHOO AND TSLA,18,0.71
2020-04-12 11:35:06,My take and analysis of FB in this Social Distancing era,0,0.38
2019-08-07 22:10:23,A comprehensive analysis on Facebook ($FB),143,0.96
2020-07-07 07:56:55,Couple of headwinds to look out for on FB,2,0.67
2019-10-02 04:35:21,How likely is it that FB will actually be broken up?,22,0.75
2021-01-09 06:24:34,The future of the big 5 US tech companies,5,0.63
2021-01-07 18:26:22,Stock Tip! Know of Founder-led companies with LOTS of fans?,11,0.71
2020-12-29 04:15:25,Why I think Facebook is ridiculously undervalued,4,0.52
2018-03-26 07:51:29,FTC investigating Facebook; FB stock price down 5.9%,1585,0.95
2020-03-31 23:10:01,FB and NFLX earnings,3,0.8
2018-08-27 07:27:11,"Nasdaq hits 8K for the First Rime as U.S. and Mexico move closer to striking NEW NAFTA Deal boosted by FB, AMZN and GOOGL with Caterpillar Outperforming on the Dow Jones",452,0.87
2017-07-31 05:19:14,Many young people under 25 that I associate with intentionally avoid Facebook. Could this be a looming problem for FB in the long-term?,1439,0.91
2020-02-14 15:18:05,FB a good buy?,0,0.38
2021-01-16 16:44:40,One critical mistake is made me Bulls over and over in their argument that the market (specifically Nasdaq) is not overvalued,5,0.65
2021-01-08 05:48:19,Top 10 most traded US stocks by dollar volume on the 7th of january,0,0.5
2020-07-12 19:37:03,Why couldn't anyone predict that tech was going to the moon during March?,1243,0.91
2020-11-12 02:26:40,Goldman Sachs has just boosted its S&P Target. Here's why,38,0.79
2019-11-27 09:08:44,FB short thesis,0,0.09
2020-01-29 15:16:12,FB,0,0.29
2021-02-04 17:26:40,Livent (LTHM) is a Great Play on EV,4,0.83
2019-01-29 08:21:59,"msft, amzn and fb down big today what happened. Any news?",52,0.69
2020-02-06 09:50:39,"Today's Investment - AMD, FB, PYPL, MSFT, MGPI - NOOB FRIENDLY!",0,0.28
2020-08-20 10:54:17,"Why is GOOG worth so much less than AAPL, AMZN, MSFT?",185,0.93
2020-12-11 15:34:15,DBX,5,0.61
2020-10-27 14:29:11,Almost every stock I've ever sold has gone up significantly and it's haunting me constantly,14,0.67
2020-12-29 09:24:52,Chinese Regulation on Alibaba,1,0.53
2019-10-27 22:29:57,"Earnings this week: AAPL, MA, FB, SHOP, GE",10,0.71
2019-07-02 18:26:51,How is FB massively profitable but YouTube is not?,4,0.63
2019-12-19 23:25:08,"trying to narrow down what stock to buy out of MCD, WM, and FB",0,0.17
2018-07-19 11:21:23,Zuckerberg's sales of FB stock since 2016,86,0.83
2020-12-28 04:05:26,Stock time series forecasting,0,0.36
2020-09-24 13:53:57,The stock market is actually not that crazy (change my mind),9,0.57
2020-11-05 18:13:59,"$TTCF Tattoed Chef, young company with amazing forecasts",10,0.65
2020-09-15 17:00:46,FTC gearing up to file a possible antitrust lawsuit against Facebook by year-end - WSJ,131,0.94
2020-12-10 20:36:50,What happens to holdings if/when large corporations get broken down by antitrust laws?,0,0.5
2018-03-21 11:03:58,Are you buying the FB dip?,43,0.83
2020-10-07 08:35:34,$AAPL - Needham says House Report on Antitrust should not impact Apple,36,0.81
2020-11-09 15:11:23,Questions concerning AMD and INTC stock,1,0.55
2019-07-25 08:28:10,Fb dropping despite having a good quarter?,1,0.67
2018-10-30 10:47:01,FB going up?,11,0.67
2018-07-26 21:09:39,An updated Facebook (FB) DCF Model,74,0.88
2019-03-19 11:37:55,Instagram($FB) is adding in app checkout in a push in to online shopping.,14,0.85
2018-03-19 08:06:16,Buy this FB dip?,22,0.78
2020-12-14 13:45:27,"Market Roundup for the week ended Dec 13th, 2020",19,0.83
2019-06-03 11:38:33,FTC to take the lead on Facebook (FB) probes; while DoJ has lead on Alphabet (GOOGL),4,1.0
2018-12-20 08:34:29,NFLX / AMZN vs GOOGL / FB,5,0.64
2018-03-01 07:17:53,What is happening with $FB?,33,0.81
2016-10-07 01:25:58,A $25bn Snapchat IPO? Look at FB / GOOG's IPO data for insight.,240,0.88
2020-10-23 14:59:11,"SNAP is the next big ""social media"" stock - here's why",0,0.4
2020-07-29 06:57:54,What is Shopify’s most?,58,0.7
2020-11-26 04:37:27,Digital Advertisement market to reach $626B by 2026,5,0.78
2019-06-13 12:57:00,Is FB still relatively undervalued in relation to its revenue growth and free cash?,2,0.58
2020-07-28 18:15:02,Most anticipated IPOs in 2020-2021 for long term hold?,51,0.8
2018-06-21 17:23:57,20-30% upside left in Facebook (FB) shares thru 2019?,25,0.76
2018-07-30 06:48:22,$FB Where to next ?,7,0.64
2018-09-26 01:10:38,Insta founders leaving FB is bad news: My opinion,3,0.59
2020-07-07 14:06:02,Amazon Will Be The Next $2T Company – Why it’s Undervalued,46,0.66
2019-06-07 09:32:43,FB Cryptocurrency,0,0.33
2018-08-21 12:05:26,Is FB a buy ?!?!,4,0.66
2020-12-10 07:55:34,"Facebook Faces Little Risk from FTC Lawsuit, Analysts Say",1,0.6
2020-05-04 01:59:03,My stock study watchlist. would appreciate criticisms or red flags,267,0.91
2020-07-07 09:02:03,Facebook Hits A New All-Time High Despite Ad Boycotts,74,0.88
2020-09-12 10:55:01,Any companies to invest in VR besides Facebook?,4,0.67
2020-08-17 21:06:29,Analysis of Scion Asset Management 13-F Filing,52,0.82
2019-01-31 01:00:45,Is getting in on FB now FOMO?,0,0.5
2019-07-10 07:03:01,2k worth of SNE and FB VS 2k into an ETF?,1,0.67
2018-04-24 09:05:35,Anyone on the FB train for tomorrow?,12,0.8
2018-09-06 17:43:20,Is it time to cut loses on FB$?,3,0.6
2019-04-23 07:11:51,Advice on FB options,0,0.5
2018-07-23 11:05:30,FB Market Cap ?,23,0.84
2020-06-27 01:02:16,Facebook boycott – Facebook needs diversification,58,0.79
2020-09-11 12:49:28,Investing when you don't trust [that] your own judgement [lines up with popular trends],6,0.63
2020-08-13 18:10:05,Is the S&P actually overvalued?,1,0.53
2018-11-27 09:21:52,"Facebook, Inc. (FB) COO Sheryl Sandberg Sells 330,000 Shares in the last quarter.",0,0.42
2018-11-19 11:33:13,Should I sell FB to Buy AMZN,2,0.63
2020-10-05 07:07:03,ETFs Holdings Proprietary,3,0.56
2018-04-11 12:24:49,Is now a good time to buy fb?,10,0.85
2018-03-06 14:07:18,"Digital Ad Platforms (FB and GOOGL) at Risk - P&G cut $200M in digital ad spend with no impact to the bottom line, Unilever up next at the chopping block.",18,0.7
2020-08-31 14:09:52,When will the market crash? Asking for a friend...,0,0.46
2018-03-27 21:30:55,"If you had known that FB scandal would come out, but you didn’t know it would be this year. How would you make money?",11,0.86
2018-11-24 17:51:21,"Time to pick up FB, AAPL and GOOG?",0,0.46
2018-07-28 05:11:20,"If you thought the FB drop was bad, wait until everybody learns about what's been going on with Salesforce",0,0.45
2020-08-28 11:58:30,Is the Bubble about to POP!,0,0.25
2020-09-01 22:12:21,Individual stocks in taxable account or Roth IRA?,9,0.74
2018-11-19 14:58:48,Is FB turning into a great value investment? Should I believe the numbers or the haters?,0,0.47
2015-11-16 05:05:12,Facebook board member Marc Andreessen selling over 1.5M shares of his Facebook ($FB) stock in the past two weeks at a value of roughly $160M.,67,0.9
2020-05-26 12:25:30,Is Zoom headed the same way as Slack ?,62,0.88
2019-12-05 03:35:47,Elizabeth Warren Is Drafting U.S. Legislation to Reverse ‘Mega Mergers’,1270,0.9
2017-07-26 13:24:04,FB,15,0.76
2018-12-21 12:57:09,"Facebook, Inc. (NASDAQ:FB) COO Sheryl Sandberg sold 330,000 shares of the firm’s stock in multiple transactions",0,0.28
2018-07-26 19:31:52,Which stock broker for FB stocks?,0,0.5
2020-02-24 20:48:01,Picking stocks based on personal consumption,373,0.93
2020-09-03 18:40:11,Sold my holdings that dropped to 1% P/L for the year. Is this a good strat?,0,0.4
2018-01-17 08:57:17,Thoughts on FB atm?,8,0.84
2018-12-28 17:40:58,Sandberg Sheryl & Dorsey Jack sell over over 12M worth of FB and SQ shares,0,0.14
2020-09-18 20:04:41,A question about high flying stocks and reversion to the mean,6,0.75
2020-05-14 23:32:40,"I started my career in November and investing February 5th, 2020 - my strategy as a once peasant Mexican",58,0.72
2020-08-30 11:29:17,"Too many stocks , which one to sell?",0,0.46
2012-08-16 06:40:57,FB down ~5% on open,100,0.87
2018-08-01 01:31:54,Google could't compete with FB... nobody can at that point... Sleep easy bulls,0,0.22
2020-10-08 11:44:41,Compiled Today's Top News,10,0.71
2020-05-21 10:51:10,Facebook plans to shift a large portion of their workforce to working remotely moving forward. How will this affect productivity and investment opportunities if other companies follow suit?,50,0.91
2018-11-17 07:58:03,does fb stock price take into account instagram/whatsapp/oculus?,0,0.33
2018-07-26 13:27:51,"would it be illegal for Mark Zuckerberg to sell his shares in FB, knowing it would fall following weak revenue before publishing it?",0,0.33
2018-11-26 22:48:50,FB : Facebook documents seized by the UK,4,0.69
2020-09-10 08:26:26,Are distressed stocks better or high returns based stocks ?,3,0.71
2018-03-24 07:02:54,FB data breach: Blockchain companies will give the people control over their identities. $IBM $MSFT $INTC $CSCO,0,0.43
2018-02-27 23:16:09,"Compared to the fears of regulation against FB or Goog, isn't it far more likely that NFLX will start facing fair usage charges from major internet providers?",2,0.75
2016-11-11 12:47:18,"stockAday: Time to ""Snap"" up Facebook? $FB",35,0.78
2018-01-31 13:56:51,Wtf FB??,0,0.3
2020-10-02 15:22:57,Today's Trending Companies in the News,8,0.67
2020-07-20 08:51:51,A quick look at AT&T Inc (T),13,0.63
2016-10-05 11:02:30,Time to short FB yet? Buy 2 year at the money puts?,11,0.69
2017-05-11 02:14:08,"The rule of 3... $SNAP, $FB etc",14,0.64
2013-03-04 09:25:29,"I bought into FB at $35 (I know, I'm an idiot) 15 shares and have been steady around $27. Should I cut my losses?",55,0.7
2018-04-17 11:25:47,News articles smashing Facebook have been coming out non-stop. Why is $FB it still rising?,0,0.5
2020-08-23 06:49:04,"Facebook could lose money on its Virtual Reality investment with Oculus, and it'd still be worth it.",0,0.29
2018-04-02 19:25:33,"You can only invest your money with one company for the next 10 years, $AMZN or $FB?",0,0.29
2018-01-29 14:20:30,"Earnings Forecast: AMZN, AAPL, FB, MSFT, and GOOGL",5,0.69
2019-02-04 11:02:16,FB Report proves nobody cares about scandals....also europe going great GDPR did nothing,0,0.44
2018-07-29 08:49:08,Why did FB's stock tumble all at the same time at 4PM?,0,0.14
2020-07-22 11:05:22,Which stock do you see to top market cap rank at 2029?,7,0.71
2018-04-10 21:17:05,Washington Post article wrongly claims that FB ended up higher than at anytime in the last two year. Huh?,4,0.61
2013-10-28 07:12:26,I am going big on FB stock..Inside I'll explain why. Looking for some opinions.,31,0.7
2017-12-14 11:06:50,"Investing 50% of Portfolio in: AAPL, GOOGL, FB, MSFT, AMZN",1,0.57
2019-01-04 15:16:55,How Much of GOOG and FB revenue is fake?,0,0.39
2020-04-29 13:31:49,"Facebook announces earnings: Revenue beat 17% up YoY, drops in ad sales, shares up 8% in AH",107,0.93
2017-03-16 11:11:59,"To this day, I'm not sure how useful technical analysis actually is - but all you have to do is look at today's $FB chart to see that resistance/support is a real thing.",7,0.63
2016-05-16 19:22:02,"Why doesn't FB try to sweep Social Media and buy Twitter, Reddit, LinkedIn, etc?",9,0.72
2016-05-12 09:14:04,"Overweight in AAPL, MO, UA, NKE, SBUX and FB. Foolish to add?",8,0.9
2013-10-30 13:11:35,Congrats to the guy who put 130k in fb options.,23,0.67
2013-09-26 05:20:38,FB just crossed $50 pre-market,48,0.83
2012-02-01 13:59:52,"Facebook files for IPO. Raising $5B, will trade under symbol ""FB"". 2011 Net Income was $1B on Revenue of $3.7B. Here's the Form S-1, Registration Statement filed with the SEC. ",65,0.87
2018-03-19 17:39:16,Time to buy FB ?,0,0.5
2019-04-24 13:23:08,Facebook Q1 2019 Earnings Highlights,62,0.85
2016-01-25 02:51:32,"Facebook (FB) announced today that it plans to open a new data center in Clonee, Ireland — named EU2",66,0.81
2017-07-17 11:24:26,"Why did FB ""stick"" at exactly $160.00 for most of Friday?",9,0.74
2020-08-02 11:26:14,Portfolio Proposal (TechHeavy),0,0.5
2020-09-16 07:01:09,"Wednesday, Sept. 16, 2020 - Morning Market Synopsis",11,0.77
2012-05-19 13:36:33,Does this $FB after-hours action look fishy to anyone else?,121,0.95
2018-03-20 00:46:14,Amazes me Every time negative news is out how many analysts jump on board trying to drive shares lower to buy more $FB,0,0.23
2012-05-22 22:36:43,Mark Zuckerberg sells 30.2 million shares of $FB common stock at $37.58,116,0.91
2017-07-26 14:58:26,Thoughts on $FB. Hold or Sell?,1,0.57
2014-02-22 19:51:37,"""Why Is WhatsApp Worth $19 Billion"" Do you guys have any other answers? Is FB making a good/bad investment?",18,0.63
2017-03-08 08:50:47,Reason to not buy FB?,0,0.29
2020-08-07 08:44:53,"With the new TikTok ban, will we see an influx of users to Facebook's new Instagram Reels?",0,0.4
2019-12-24 15:03:26,Year end to-do: Open a Fidelity Charitable account,583,0.93
2020-01-16 10:42:56,"My revised (again) model of TSLA through 2028 (Price Target of $17,600 in 2028)",63,0.71
2016-06-29 18:53:29,Deciding between NFLX and FB,5,0.86
2012-05-18 08:39:16,FB just traded below $40 for the first time. What does r/investing think now?,19,0.83
2020-06-07 19:51:15,FAANG Diversification post 2018,14,0.72
2017-11-01 14:07:03,Poll | Keep RTN or drop for FB?,1,0.6
2013-04-09 16:20:48,"GOOG, AAPL, AMZN, FB, YHOO, Which Would You Pick For The Long",13,0.8
2017-01-07 08:54:39,What happened to FB split?,13,0.81
2015-12-13 16:13:11,"Forex trader on FB, are his claims fishy?",11,0.93
2017-03-06 17:32:24,Came up on extra 15k I can invest. I have shares in $brk.b$aapl$tsla$fb any other suggestions?,0,0.3
2012-05-17 08:51:26,Who plans on buying FB on open and what is your strat?,9,0.61
2018-03-19 20:05:40,Damn is it time to drop Facebook? Looking at that front page post about deleting Facebook has me thinking,249,0.92
2017-06-11 19:49:46,"Is anyone concerned with the VOLUME of tech stocks traded Friday? NVDA 5x more than average, FB and AMZN both 2x more than average since mid January",2,0.56
2018-01-15 20:18:20,FB and net neutrality,7,0.99
2017-04-22 02:08:24,"Weibo Corp (ADR) (WB) Looks Like Twitter (TWTR), Grows Like Facebook Inc (FB)",15,0.75
2012-07-27 09:42:23,[FB] is it a bargain to buy @ $23.00?  Potential ROI could be worth it.  Any thoughts?,12,0.73
2017-08-29 03:28:56,Good entry for $AMZN $GOOGL $FB ....,0,0.44
2012-08-02 09:49:12,Facebook (FB) trades under $20,39,0.9
2012-05-19 11:18:35,Is FB P/e of 122 right? If so why wouldn't this be an obvious short sell?,18,0.77
2015-08-26 09:30:19,"either we're all sheep or the algos have completely taken over..... or both (FB, DIS, AAPL, AMZN, TSLA)",0,0.5
2016-07-23 22:19:50,I have a question about selling Facebook (FB) stock after they announce their earnings on July 27th after the market closes,7,0.68
2020-06-06 02:25:21,Is Diversification for idiots?,0,0.43
2020-08-07 21:18:32,Would you use a Zapier for Robinhood investing automation app?,2,0.57
2016-01-18 12:16:41,"Forbes: Buy AMZN, AAPL, FB, GOOGL, NFLX",2,0.58
2020-07-12 11:58:58,How to set the price per share,0,0.2
2012-11-16 08:17:21,WTH is FB doing,12,0.71
2016-05-09 17:09:16,Putting $50k into companies of the future (AAPL/GOOG/AMZN/TSLA/FB),0,0.29
2016-10-21 12:20:37,What makes FB stock a solid long term investment?,0,0.33
2020-06-13 21:06:53,Best way to hedge for future company RSUs?,3,0.64
2020-02-03 21:18:20,Do people actually see investing this way?,43,0.81
2012-04-15 21:30:23,Facebook (FB) IPO,16,0.72
2020-01-13 23:10:31,"Too late to invest in AAPL, MSFT, TSLA ...?",34,0.79
2012-11-12 11:25:32,"How does r/investing feel about Ford (F), Facebook (FB), and Apple(AAPL)?",4,0.6
2017-03-17 10:31:00,FB is trading at 140 (give or take a few cents) for a day and a half with no movement in either direction. Why?,0,0.4
2013-01-30 08:17:35,"Facebook (FB) Q4 earnings to be posted today, what do you guys think?",6,0.8
2020-06-10 19:10:27,"Any current thesis on large cap vs mid vs small, growth vs value...",4,0.83
2015-11-23 11:43:03,"Doing some research on FB, now with Occulus, it seems to be a company with a very positive outlook.",0,0.4
