Date,Title,Selftext,Upvote,Upvote Ratio
2021-03-24 09:40:38,A Diamond in the Rough: $DFNS - A Sub-NAV SPAC with a Definitive Merger Agreement,"# LGL Systems Acquisition Corp. (NYSE: DFNS)

On March 15 last week LGL Systems Acquisition Corp (DFNS) announced a definitive merger agreement with cybersecurity company IronNet. Ironnet was founded and is run by Keith Alexander- former Four-Star US Army General, Director of the NSA, and Commander of the US Cyber Command. Alexander has also served on the Board of Directors of Amazon since 9/2020.

**LGL Systems Acquisition Corp.**

|Ticker / Warrant Ticker|DFNS / DFNS.WS|
|:-|:-|
|Current Price / Warrant Price|$9.94 / $1.44 (3/24/21)|
|Market Cap|$215MM|
|IPO Date|November 7, 2019|
|Target|Pending Merger w/ IronNet (Exp. Q3 2021)|
|Institutional Ownership|77% Institutionally owned (as of 12/31/20)|
|DFNS Website|[https://www.dfns.ai/](https://www.dfns.ai/)|
|SPAC Website|[https://www.ironnet.com/](https://www.ironnet.com/)|

**IronNet Company Background**

* IronNet addresses a problem decades in the making with a differentiated solution - AI driven behavioral analytics and Collective Defense.
* Introduces a fundamentally new layer of cyberdefense to address a $25B+ market
* The first “network effect” applied to the cybersecurity industry
* Partners include: AWS, IBM, Google Cloud, Crowdstrike, Splunk, & the FBI

**Competitive Advantage**

* Behavioral analytics that find what others cannot
* Real-time sharing across companies that others cannot
* Adds value to the cyber ecosystem that others cannot
* Leadership team is second-to-none in the cybersecurity space

**Significant Growth Opportunity in the US Cyberdefense Landscape**

* Current tools are rear-facing and insufficient, IronNet provides proactive solutions
* Increased velocity of attacks
* Defense in isolation is failing
* “Network no longer the perimeter”

**IronNet/DFNS are Backed by Committed Blue-Chip Investors and Industry Experts, Including:**

Gartner, IDC, Bridgewater Capital, C5 Capital, Kleiner Perkins, ForgePoint, Kensington Capital, Goldman Sachs, UBS, Millennium Management, Glazer Capital, BlueCrest Capital Management

**Google Search trends indicate a rising interest in “IronNet Cybersecurity” despite a suppressed pre-merger stock price:**

[https://trends.google.com/trends/explore?q=%2Fg%2F11c73zvl6s&geo=US](https://trends.google.com/trends/explore?q=%2Fg%2F11c73zvl6s&geo=US)

**March, 2021 Investor Presentation (Incl. Merger Transaction Overview)**

[**https://static1.squarespace.com/static/5db5ad5cbbc4a8619c4d2fd8/t/604f591da02885259046a8ba/1615812894485/Project+Alliance\_Public+Announcement+Deck\_+vF.pdf**](https://static1.squarespace.com/static/5db5ad5cbbc4a8619c4d2fd8/t/604f591da02885259046a8ba/1615812894485/Project+Alliance_Public+Announcement+Deck_+vF.pdf)

# TLDR

Given the rising demand for cybersecurity, IronNet’s proactive solutions, unparalleled leadership, and distinct competitive advantage, LGL Systems Acquisition Corp. (NYSE: DFNS) presents itself as a solid long-term investment in the early stages of a heretofore established business.",30,0.69
